{
  "uas":88.800299925,
  "las":85.8485378655,
  "ents_p":0.0,
  "ents_r":0.0,
  "ents_f":0.0,
  "tags_acc":96.5583604099,
  "token_acc":100.0
}