{
  "uas":88.2970819563,
  "las":85.2970563369,
  "ents_p":0.0,
  "ents_r":0.0,
  "ents_f":0.0,
  "tags_acc":92.5140265929,
  "token_acc":100.0
}